<?xml version="1.0" encoding="UTF-8"?>
<feature
      id="org.genivi.commonapi.console.feature"
      label="GENIVI CommonAPI Command Line Feature"
      version="3.2.14.v202310241605"
      provider-name="BMW AG">

   <description url="http://www.example.com/description">
      [Enter Feature Description here.]
   </description>

   <copyright url="http://www.example.com/copyright">
      [Enter Copyright Description here.]
   </copyright>

   <license url="http://www.example.com/license">
      [Enter License Description here.]
   </license>

   <requires>
      <import feature="org.genivi.commonapi.console.franca.feature" version="3.2.14" match="compatible"/>
   </requires>

   <plugin
         id="org.eclipse.core.contenttype"
         download-size="103"
         install-size="217"
         version="3.7.100.v20180817-1401"
         unpack="false"/>

   <plugin
         id="org.eclipse.core.jobs"
         download-size="105"
         install-size="209"
         version="3.10.100.v20180817-1215"
         unpack="false"/>

   <plugin
         id="org.eclipse.core.runtime"
         download-size="72"
         install-size="155"
         version="3.15.0.v20180817-1401"
         unpack="false"/>

   <plugin
         id="org.eclipse.equinox.app"
         download-size="85"
         install-size="171"
         version="1.3.600.v20180827-1235"
         unpack="false"/>

   <plugin
         id="org.eclipse.equinox.common"
         download-size="119"
         install-size="224"
         version="3.10.100.v20180827-1235"
         unpack="false"/>

   <plugin
         id="org.eclipse.equinox.preferences"
         download-size="130"
         install-size="265"
         version="3.7.200.v20180827-1235"
         unpack="false"/>

   <plugin
         id="org.eclipse.equinox.registry"
         download-size="191"
         install-size="400"
         version="3.8.100.v20180827-1235"
         unpack="false"/>

   <plugin
         id="org.eclipse.osgi"
         download-size="1407"
         install-size="3014"
         version="3.13.100.v20180827-1536"
         unpack="false"/>

   <plugin
         id="org.eclipse.osgi.services"
         download-size="122"
         install-size="194"
         version="3.7.100.v20180827-1536"
         unpack="false"/>

   <plugin
         id="org.genivi.commonapi.console"
         download-size="26"
         install-size="49"
         version="3.2.14.v202310241605"
         unpack="false"/>

</feature>
